{
  "ridge_lambda": 0.01,
  "weights": [
    1.2678033950756575,
    0.6550643595145896,
    -0.00046843692332015864,
    -0.004484470262898663,
    0.00034556833096616364,
    0.0009707407220714326,
    0.008405135052434018
  ],
  "residual_std": 0.102897928263348,
  "feature_mean": [
    1.279843342683573,
    1.6979170978606993e-08,
    0.11202548786018725,
    0.027258814883597236,
    0.05172675752273018,
    0.033447174994068365
  ],
  "feature_std": [
    0.6908103323737604,
    8.704978949963451e-06,
    1.3386119431362993,
    0.020092798696737076,
    0.028301543412915436,
    0.018775181279766955
  ]
}