{
  "risk_off_vol_threshold": 0.053520794530689225,
  "unstable_vol_threshold": 0.03343724092162265,
  "risk_off_divergence_threshold": 7.629380692973001
}