{
  "ridge_lambda": 0.01,
  "weights": [
    0.015718298680972742,
    0.15653104319707312,
    -0.009949333682276134,
    0.014252086900916987,
    -0.002003570794191681,
    0.06485311179589515,
    0.004630065037155862
  ],
  "residual_std": 0.1551561731919057,
  "feature_mean": [
    0.005316129689803488,
    -2.4748330924030988e-09,
    -0.005935388478812228,
    11329462.271645522,
    0.055092991941999,
    0.0070468216686898
  ],
  "feature_std": [
    0.43675172151112257,
    2.3612561754976896e-05,
    1.0640223900091488,
    377266284.15623754,
    0.2528892568078823,
    0.005359902423220241
  ]
}