{
  "risk_off_vol_threshold": 0.010802799504194441,
  "unstable_vol_threshold": 0.006690642794867425,
  "risk_off_divergence_threshold": 6.3071586250392855
}